SampleID,Station_DL,StationType_Final,Count,StationCode,SampleDate,ProjectCode,EventCode,ProtocolCode,AgencyCode,SampleComments,LocationCode,GeometryShape,CollectionTime,CollectionMethodCode,Replicate,CollectionDeviceName,TisSource,TissueCollectionComments,OrganismID,OrganismName,CommonName,TagNumber,LifeStageCode,TotalCount,PartCreated,SampleID,ForkLength,TotalLength,UnitLengthFish,LengthSource,Weight,UnitWeightFish,WeightSource,SizeDescr,Age,Sex,Anomaly,ProcessedOrganismsExpandedFishComments,TissueID,TissueName,PartsPrepPreservationName,EntryDateTime,TissueWeight,UnitTissueWeight,PartsComments,CompositeID,CompositeType,CompositeReplicate,CompositeWeight,UnitCompositeWeight,HomogDate,OrganismGroup,CompAgencyCode,CompositeComments
17MMP-AN-CB010-MP_1,CB010,Field,33,CB10,2017-07-05,17-18_MP_Moore,TI,RMP,MPSL-MLML,,OpenWater1,Point,11:41,Trawl,1,MPSL-MLML_OtterTrawl_16,Resident,,17MMP-AN-CB010-MP_1,Engraulidae,Anchovies,,A,1,Yes,,,5.1,cm,,0.6,g,,,,,,,17MMP-AN-CB010-MP_1,GUT,Not Recorded,1/1/1950,-88,g,,17MMP-AN-CB010-MP_1,Normal,1,-88,g,1/1/1950,Fish,UoT-RL,
17MMP-AN-CB010-MP_10,CB010,Field,11,CB10,2017-07-05,17-18_MP_Moore,TI,RMP,MPSL-MLML,,OpenWater1,Point,11:41,Trawl,1,MPSL-MLML_OtterTrawl_16,Resident,,17MMP-AN-CB010-MP_10,Engraulidae,Anchovies,,A,1,Yes,,,5.9,cm,,1.2,g,,,,,,,17MMP-AN-CB010-MP_10,GUT,Not Recorded,1/1/1950,-88,g,,17MMP-AN-CB010-MP_10,Normal,1,-88,g,1/1/1950,Fish,UoT-RL,
17MMP-AN-CB010-MP_2,CB010,Field,21,CB10,2017-07-05,17-18_MP_Moore,TI,RMP,MPSL-MLML,,OpenWater1,Point,11:41,Trawl,1,MPSL-MLML_OtterTrawl_16,Resident,,17MMP-AN-CB010-MP_2,Engraulidae,Anchovies,,A,1,Yes,,,4.9,cm,,0.7,g,,,,,,,17MMP-AN-CB010-MP_2,GUT,Not Recorded,1/1/1950,-88,g,,17MMP-AN-CB010-MP_2,Normal,1,-88,g,1/1/1950,Fish,UoT-RL,
17MMP-AN-CB010-MP_3,CB010,Field,18,CB10,2017-07-05,17-18_MP_Moore,TI,RMP,MPSL-MLML,,OpenWater1,Point,11:41,Trawl,1,MPSL-MLML_OtterTrawl_16,Resident,,17MMP-AN-CB010-MP_3,Engraulidae,Anchovies,,A,1,Yes,,,5.5,cm,,1.1,g,,,,,,,17MMP-AN-CB010-MP_3,GUT,Not Recorded,1/1/1950,-88,g,,17MMP-AN-CB010-MP_3,Normal,1,-88,g,1/1/1950,Fish,UoT-RL,
17MMP-AN-CB010-MP_4,CB010,Field,33,CB10,2017-07-05,17-18_MP_Moore,TI,RMP,MPSL-MLML,,OpenWater1,Point,11:41,Trawl,1,MPSL-MLML_OtterTrawl_16,Resident,,17MMP-AN-CB010-MP_4,Engraulidae,Anchovies,,A,1,Yes,,,6.4,cm,,1.3,g,,,,,,,17MMP-AN-CB010-MP_4,GUT,Not Recorded,1/1/1950,-88,g,,17MMP-AN-CB010-MP_4,Normal,1,-88,g,1/1/1950,Fish,UoT-RL,
17MMP-AN-CB010-MP_5,CB010,Field,18,CB10,2017-07-05,17-18_MP_Moore,TI,RMP,MPSL-MLML,,OpenWater1,Point,11:41,Trawl,1,MPSL-MLML_OtterTrawl_16,Resident,,17MMP-AN-CB010-MP_5,Engraulidae,Anchovies,,A,1,Yes,,,6.2,cm,,1,g,,,,,,,17MMP-AN-CB010-MP_5,GUT,Not Recorded,1/1/1950,-88,g,,17MMP-AN-CB010-MP_5,Normal,1,-88,g,1/1/1950,Fish,UoT-RL,
17MMP-AN-CB010-MP_6,CB010,Field,10,CB10,2017-07-05,17-18_MP_Moore,TI,RMP,MPSL-MLML,,OpenWater1,Point,11:41,Trawl,1,MPSL-MLML_OtterTrawl_16,Resident,,17MMP-AN-CB010-MP_6,Engraulidae,Anchovies,,A,1,Yes,,,5.6,cm,,0.8,g,,,,,,,17MMP-AN-CB010-MP_6,GUT,Not Recorded,1/1/1950,-88,g,,17MMP-AN-CB010-MP_6,Normal,1,-88,g,1/1/1950,Fish,UoT-RL,
17MMP-AN-CB010-MP_7,CB010,Field,19,CB10,2017-07-05,17-18_MP_Moore,TI,RMP,MPSL-MLML,,OpenWater1,Point,11:41,Trawl,1,MPSL-MLML_OtterTrawl_16,Resident,,17MMP-AN-CB010-MP_7,Engraulidae,Anchovies,,A,1,Yes,,,5.3,cm,,0.9,g,,,,,,,17MMP-AN-CB010-MP_7,GUT,Not Recorded,1/1/1950,-88,g,,17MMP-AN-CB010-MP_7,Normal,1,-88,g,1/1/1950,Fish,UoT-RL,
17MMP-AN-CB010-MP_8,CB010,Field,20,CB10,2017-07-05,17-18_MP_Moore,TI,RMP,MPSL-MLML,,OpenWater1,Point,11:41,Trawl,1,MPSL-MLML_OtterTrawl_16,Resident,,17MMP-AN-CB010-MP_8,Engraulidae,Anchovies,,A,1,Yes,,,5.3,cm,,0.9,g,,,,,,,17MMP-AN-CB010-MP_8,GUT,Not Recorded,1/1/1950,-88,g,,17MMP-AN-CB010-MP_8,Normal,1,-88,g,1/1/1950,Fish,UoT-RL,
17MMP-AN-CB010-MP_9,CB010,Field,27,CB10,2017-07-05,17-18_MP_Moore,TI,RMP,MPSL-MLML,,OpenWater1,Point,11:41,Trawl,1,MPSL-MLML_OtterTrawl_16,Resident,,17MMP-AN-CB010-MP_9,Engraulidae,Anchovies,,A,1,Yes,,,6,cm,,1.4,g,,,,,,,17MMP-AN-CB010-MP_9,GUT,Not Recorded,1/1/1950,-88,g,,17MMP-AN-CB010-MP_9,Normal,1,-88,g,1/1/1950,Fish,UoT-RL,
17MMP-AN-CB037-MP_1,CB037,Field,27,CB37,2017-07-06,17-18_MP_Moore,TI,RMP,MPSL-MLML,,OpenWater1,Point,08:13,Trawl,1,MPSL-MLML_OtterTrawl_16,Resident,,17MMP-AN-CB037-MP_1,Engraulidae,Anchovies,,A,1,Yes,,,9,cm,,4.2,g,,,,,,,17MMP-AN-CB037-MP_1,GUT,Not Recorded,1/1/1950,-88,g,,17MMP-AN-CB037-MP_1,Normal,1,-88,g,1/1/1950,Fish,UoT-RL,
17MMP-AN-CB037-MP_10,CB037,Field,4,CB37,2017-07-06,17-18_MP_Moore,TI,RMP,MPSL-MLML,,OpenWater1,Point,08:13,Trawl,1,MPSL-MLML_OtterTrawl_16,Resident,,17MMP-AN-CB037-MP_10,Engraulidae,Anchovies,,A,1,Yes,,,8.8,cm,,4.6,g,,,,,,,17MMP-AN-CB037-MP_10,GUT,Not Recorded,1/1/1950,-88,g,,17MMP-AN-CB037-MP_10,Normal,1,-88,g,1/1/1950,Fish,UoT-RL,
17MMP-AN-CB037-MP_2,CB037,Field,14,CB37,2017-07-06,17-18_MP_Moore,TI,RMP,MPSL-MLML,,OpenWater1,Point,08:13,Trawl,1,MPSL-MLML_OtterTrawl_16,Resident,,17MMP-AN-CB037-MP_2,Engraulidae,Anchovies,,A,1,Yes,,,8.8,cm,,4.6,g,,,,,,,17MMP-AN-CB037-MP_2,GUT,Not Recorded,1/1/1950,-88,g,,17MMP-AN-CB037-MP_2,Normal,1,-88,g,1/1/1950,Fish,UoT-RL,
17MMP-AN-CB037-MP_3,CB037,Field,26,CB37,2017-07-06,17-18_MP_Moore,TI,RMP,MPSL-MLML,,OpenWater1,Point,08:13,Trawl,1,MPSL-MLML_OtterTrawl_16,Resident,,17MMP-AN-CB037-MP_3,Engraulidae,Anchovies,,A,1,Yes,,,8.6,cm,,3.7,g,,,,,,,17MMP-AN-CB037-MP_3,GUT,Not Recorded,1/1/1950,-88,g,,17MMP-AN-CB037-MP_3,Normal,1,-88,g,1/1/1950,Fish,UoT-RL,
17MMP-AN-CB037-MP_4,CB037,Field,11,CB37,2017-07-06,17-18_MP_Moore,TI,RMP,MPSL-MLML,,OpenWater1,Point,08:13,Trawl,1,MPSL-MLML_OtterTrawl_16,Resident,,17MMP-AN-CB037-MP_4,Engraulidae,Anchovies,,A,1,Yes,,,9,cm,,4.3,g,,,,,,,17MMP-AN-CB037-MP_4,GUT,Not Recorded,1/1/1950,-88,g,,17MMP-AN-CB037-MP_4,Normal,1,-88,g,1/1/1950,Fish,UoT-RL,
17MMP-AN-CB037-MP_5,CB037,Field,17,CB37,2017-07-06,17-18_MP_Moore,TI,RMP,MPSL-MLML,,OpenWater1,Point,08:13,Trawl,1,MPSL-MLML_OtterTrawl_16,Resident,,17MMP-AN-CB037-MP_5,Engraulidae,Anchovies,,A,1,Yes,,,8.8,cm,,4.4,g,,,,,,,17MMP-AN-CB037-MP_5,GUT,Not Recorded,1/1/1950,-88,g,,17MMP-AN-CB037-MP_5,Normal,1,-88,g,1/1/1950,Fish,UoT-RL,
17MMP-AN-CB037-MP_6,CB037,Field,7,CB37,2017-07-06,17-18_MP_Moore,TI,RMP,MPSL-MLML,,OpenWater1,Point,08:13,Trawl,1,MPSL-MLML_OtterTrawl_16,Resident,,17MMP-AN-CB037-MP_6,Engraulidae,Anchovies,,A,1,Yes,,,7.9,cm,,4.3,g,,,,,,,17MMP-AN-CB037-MP_6,GUT,Not Recorded,1/1/1950,-88,g,,17MMP-AN-CB037-MP_6,Normal,1,-88,g,1/1/1950,Fish,UoT-RL,
17MMP-AN-CB037-MP_7,CB037,Field,9,CB37,2017-07-06,17-18_MP_Moore,TI,RMP,MPSL-MLML,,OpenWater1,Point,08:13,Trawl,1,MPSL-MLML_OtterTrawl_16,Resident,,17MMP-AN-CB037-MP_7,Engraulidae,Anchovies,,A,1,Yes,,,9,cm,,4.5,g,,,,,,,17MMP-AN-CB037-MP_7,GUT,Not Recorded,1/1/1950,-88,g,,17MMP-AN-CB037-MP_7,Normal,1,-88,g,1/1/1950,Fish,UoT-RL,
17MMP-AN-CB037-MP_8,CB037,Field,5,CB37,2017-07-06,17-18_MP_Moore,TI,RMP,MPSL-MLML,,OpenWater1,Point,08:13,Trawl,1,MPSL-MLML_OtterTrawl_16,Resident,,17MMP-AN-CB037-MP_8,Engraulidae,Anchovies,,A,1,Yes,,,9.4,cm,,5.1,g,,,,,,,17MMP-AN-CB037-MP_8,GUT,Not Recorded,1/1/1950,-88,g,,17MMP-AN-CB037-MP_8,Normal,1,-88,g,1/1/1950,Fish,UoT-RL,
17MMP-AN-CB037-MP_9,CB037,Field,5,CB37,2017-07-06,17-18_MP_Moore,TI,RMP,MPSL-MLML,,OpenWater1,Point,08:13,Trawl,1,MPSL-MLML_OtterTrawl_16,Resident,,17MMP-AN-CB037-MP_9,Engraulidae,Anchovies,,A,1,Yes,,,9.1,cm,,4.7,g,,,,,,,17MMP-AN-CB037-MP_9,GUT,Not Recorded,1/1/1950,-88,g,,17MMP-AN-CB037-MP_9,Normal,1,-88,g,1/1/1950,Fish,UoT-RL,
17MMP-AN-CB106-MP_1,CB106,Field,21,CB106,2017-06-19,17-18_MP_Moore,TI,RMP,MPSL-MLML,,Bank,Point,12:00,Trawl,1,MPSL-MLML_OtterTrawl_16,Resident,,17MMP-AN-CB106-MP_1,Engraulidae,Anchovies,,A,1,Yes,,,13.3,cm,,20.8,g,,,,,,,17MMP-AN-CB106-MP_1,GUT,Not Recorded,1/1/1950,-88,g,,17MMP-AN-CB106-MP_1,Normal,1,-88,g,1/1/1950,Fish,UoT-RL,
17MMP-AN-CB106-MP_10,CB106,Field,17,CB106,2017-06-19,17-18_MP_Moore,TI,RMP,MPSL-MLML,,Bank,Point,12:00,Trawl,1,MPSL-MLML_OtterTrawl_16,Resident,,17MMP-AN-CB106-MP_10,Engraulidae,Anchovies,,A,1,Yes,,,14.9,cm,,21.9,g,,,,,,,17MMP-AN-CB106-MP_10,GUT,Not Recorded,1/1/1950,-88,g,,17MMP-AN-CB106-MP_10,Normal,1,-88,g,1/1/1950,Fish,UoT-RL,
17MMP-AN-CB106-MP_2,CB106,Field,17,CB106,2017-06-19,17-18_MP_Moore,TI,RMP,MPSL-MLML,,Bank,Point,12:00,Trawl,1,MPSL-MLML_OtterTrawl_16,Resident,,17MMP-AN-CB106-MP_2,Engraulidae,Anchovies,,A,1,Yes,,,13.5,cm,,17.2,g,,,,,,,17MMP-AN-CB106-MP_2,GUT,Not Recorded,1/1/1950,-88,g,,17MMP-AN-CB106-MP_2,Normal,1,-88,g,1/1/1950,Fish,UoT-RL,
17MMP-AN-CB106-MP_3,CB106,Field,14,CB106,2017-06-19,17-18_MP_Moore,TI,RMP,MPSL-MLML,,Bank,Point,12:00,Trawl,1,MPSL-MLML_OtterTrawl_16,Resident,,17MMP-AN-CB106-MP_3,Engraulidae,Anchovies,,A,1,Yes,,,13.6,cm,,17.9,g,,,,,,,17MMP-AN-CB106-MP_3,GUT,Not Recorded,1/1/1950,-88,g,,17MMP-AN-CB106-MP_3,Normal,1,-88,g,1/1/1950,Fish,UoT-RL,
17MMP-AN-CB106-MP_4,CB106,Field,27,CB106,2017-06-19,17-18_MP_Moore,TI,RMP,MPSL-MLML,,Bank,Point,12:00,Trawl,1,MPSL-MLML_OtterTrawl_16,Resident,,17MMP-AN-CB106-MP_4,Engraulidae,Anchovies,,A,1,Yes,,,14.1,cm,,20.1,g,,,,,,,17MMP-AN-CB106-MP_4,GUT,Not Recorded,1/1/1950,-88,g,,17MMP-AN-CB106-MP_4,Normal,1,-88,g,1/1/1950,Fish,UoT-RL,
17MMP-AN-CB106-MP_5,CB106,Field,22,CB106,2017-06-19,17-18_MP_Moore,TI,RMP,MPSL-MLML,,Bank,Point,12:00,Trawl,1,MPSL-MLML_OtterTrawl_16,Resident,,17MMP-AN-CB106-MP_5,Engraulidae,Anchovies,,A,1,Yes,,,13.5,cm,,17.5,g,,,,,,,17MMP-AN-CB106-MP_5,GUT,Not Recorded,1/1/1950,-88,g,,17MMP-AN-CB106-MP_5,Normal,1,-88,g,1/1/1950,Fish,UoT-RL,
17MMP-AN-CB106-MP_6,CB106,Field,16,CB106,2017-06-19,17-18_MP_Moore,TI,RMP,MPSL-MLML,,Bank,Point,12:00,Trawl,1,MPSL-MLML_OtterTrawl_16,Resident,,17MMP-AN-CB106-MP_6,Engraulidae,Anchovies,,A,1,Yes,,,13.2,cm,,17.4,g,,,,,,,17MMP-AN-CB106-MP_6,GUT,Not Recorded,1/1/1950,-88,g,,17MMP-AN-CB106-MP_6,Normal,1,-88,g,1/1/1950,Fish,UoT-RL,
17MMP-AN-CB106-MP_7,CB106,Field,17,CB106,2017-06-19,17-18_MP_Moore,TI,RMP,MPSL-MLML,,Bank,Point,12:00,Trawl,1,MPSL-MLML_OtterTrawl_16,Resident,,17MMP-AN-CB106-MP_7,Engraulidae,Anchovies,,A,1,Yes,,,12.9,cm,,16.2,g,,,,,,,17MMP-AN-CB106-MP_7,GUT,Not Recorded,1/1/1950,-88,g,,17MMP-AN-CB106-MP_7,Normal,1,-88,g,1/1/1950,Fish,UoT-RL,
17MMP-AN-CB106-MP_8,CB106,Field,8,CB106,2017-06-19,17-18_MP_Moore,TI,RMP,MPSL-MLML,,Bank,Point,12:00,Trawl,1,MPSL-MLML_OtterTrawl_16,Resident,,17MMP-AN-CB106-MP_8,Engraulidae,Anchovies,,A,1,Yes,,,12.8,cm,,15.7,g,,,,,,,17MMP-AN-CB106-MP_8,GUT,Not Recorded,1/1/1950,-88,g,,17MMP-AN-CB106-MP_8,Normal,1,-88,g,1/1/1950,Fish,UoT-RL,
17MMP-AN-CB106-MP_9,CB106,Field,15,CB106,2017-06-19,17-18_MP_Moore,TI,RMP,MPSL-MLML,,Bank,Point,12:00,Trawl,1,MPSL-MLML_OtterTrawl_16,Resident,,17MMP-AN-CB106-MP_9,Engraulidae,Anchovies,,A,1,Yes,,,12,cm,,12.6,g,,,,,,,17MMP-AN-CB106-MP_9,GUT,Not Recorded,1/1/1950,-88,g,,17MMP-AN-CB106-MP_9,Normal,1,-88,g,1/1/1950,Fish,UoT-RL,
17MMP-AN-LSB06-MP_1,LSB06,Field,30,LSB06,2017-06-09,17-18_MP_Moore,TI,RMP,MPSL-MLML,,Bank,Point,07:30,Trawl,1,MPSL-MLML_OtterTrawl_16,Resident,,17MMP-AN-LSB06-MP_1,Engraulidae,Anchovies,,A,1,Yes,,,9.1,cm,,5.6,g,,,,,,,17MMP-AN-LSB06-MP_1,GUT,Not Recorded,1/1/1950,-88,g,,17MMP-AN-LSB06-MP_1,Normal,1,-88,g,1/1/1950,Fish,UoT-RL,
17MMP-AN-LSB06-MP_2,LSB06,Field,12,LSB06,2017-06-09,17-18_MP_Moore,TI,RMP,MPSL-MLML,,Bank,Point,07:30,Trawl,1,MPSL-MLML_OtterTrawl_16,Resident,,17MMP-AN-LSB06-MP_2,Engraulidae,Anchovies,,A,1,Yes,,,6.1,cm,,1.3,g,,,,,,,17MMP-AN-LSB06-MP_2,GUT,Not Recorded,1/1/1950,-88,g,,17MMP-AN-LSB06-MP_2,Normal,1,-88,g,1/1/1950,Fish,UoT-RL,
17MMP-AN-LSB06-MP_3,LSB06,Field,50,LSB06,2017-06-09,17-18_MP_Moore,TI,RMP,MPSL-MLML,,Bank,Point,07:30,Trawl,1,MPSL-MLML_OtterTrawl_16,Resident,,17MMP-AN-LSB06-MP_3,Engraulidae,Anchovies,,A,1,Yes,,,8.8,cm,,4.6,g,,,,,,,17MMP-AN-LSB06-MP_3,GUT,Not Recorded,1/1/1950,-88,g,,17MMP-AN-LSB06-MP_3,Normal,1,-88,g,1/1/1950,Fish,UoT-RL,
17MMP-AN-LSB06-MP_4,LSB06,Field,4,LSB06,2017-06-09,17-18_MP_Moore,TI,RMP,MPSL-MLML,,Bank,Point,07:30,Trawl,1,MPSL-MLML_OtterTrawl_16,Resident,,17MMP-AN-LSB06-MP_4,Engraulidae,Anchovies,,A,1,Yes,,,7.8,cm,,2.8,g,,,,,,,17MMP-AN-LSB06-MP_4,GUT,Not Recorded,1/1/1950,-88,g,,17MMP-AN-LSB06-MP_4,Normal,1,-88,g,1/1/1950,Fish,UoT-RL,
17MMP-AN-SB074-MP_1,SB074,Field,8,SB074,2017-07-07,17-18_MP_Moore,TI,RMP,MPSL-MLML,,OpenWater1,Point,07:38,Trawl,1,MPSL-MLML_OtterTrawl_16,Resident,,17MMP-AN-SB074-MP_1,Engraulidae,Anchovies,,A,1,Yes,,,8.6,cm,,4.7,g,,,,,,,17MMP-AN-SB074-MP_1,GUT,Not Recorded,1/1/1950,-88,g,,17MMP-AN-SB074-MP_1,Normal,1,-88,g,1/1/1950,Fish,UoT-RL,
17MMP-AN-SB074-MP_10,SB074,Field,8,SB074,2017-07-07,17-18_MP_Moore,TI,RMP,MPSL-MLML,,OpenWater1,Point,07:38,Trawl,1,MPSL-MLML_OtterTrawl_16,Resident,,17MMP-AN-SB074-MP_10,Engraulidae,Anchovies,,A,1,Yes,,,7.5,cm,,2.2,g,,,,,,,17MMP-AN-SB074-MP_10,GUT,Not Recorded,1/1/1950,-88,g,,17MMP-AN-SB074-MP_10,Normal,1,-88,g,1/1/1950,Fish,UoT-RL,
17MMP-AN-SB074-MP_2,SB074,Field,6,SB074,2017-07-07,17-18_MP_Moore,TI,RMP,MPSL-MLML,,OpenWater1,Point,07:38,Trawl,1,MPSL-MLML_OtterTrawl_16,Resident,,17MMP-AN-SB074-MP_2,Engraulidae,Anchovies,,A,1,Yes,,,8,cm,,2.7,g,,,,,,,17MMP-AN-SB074-MP_2,GUT,Not Recorded,1/1/1950,-88,g,,17MMP-AN-SB074-MP_2,Normal,1,-88,g,1/1/1950,Fish,UoT-RL,
17MMP-AN-SB074-MP_3,SB074,Field,1,SB074,2017-07-07,17-18_MP_Moore,TI,RMP,MPSL-MLML,,OpenWater1,Point,07:38,Trawl,1,MPSL-MLML_OtterTrawl_16,Resident,,17MMP-AN-SB074-MP_3,Engraulidae,Anchovies,,A,1,Yes,,,9,cm,,4.1,g,,,,,,,17MMP-AN-SB074-MP_3,GUT,Not Recorded,1/1/1950,-88,g,,17MMP-AN-SB074-MP_3,Normal,1,-88,g,1/1/1950,Fish,UoT-RL,
17MMP-AN-SB074-MP_4,SB074,Field,6,SB074,2017-07-07,17-18_MP_Moore,TI,RMP,MPSL-MLML,,OpenWater1,Point,07:38,Trawl,1,MPSL-MLML_OtterTrawl_16,Resident,,17MMP-AN-SB074-MP_4,Engraulidae,Anchovies,,A,1,Yes,,,8.7,cm,,3.4,g,,,,,,,17MMP-AN-SB074-MP_4,GUT,Not Recorded,1/1/1950,-88,g,,17MMP-AN-SB074-MP_4,Normal,1,-88,g,1/1/1950,Fish,UoT-RL,
17MMP-AN-SB074-MP_5,SB074,Field,18,SB074,2017-07-07,17-18_MP_Moore,TI,RMP,MPSL-MLML,,OpenWater1,Point,07:38,Trawl,1,MPSL-MLML_OtterTrawl_16,Resident,,17MMP-AN-SB074-MP_5,Engraulidae,Anchovies,,A,1,Yes,,,7.9,cm,,2.7,g,,,,,,,17MMP-AN-SB074-MP_5,GUT,Not Recorded,1/1/1950,-88,g,,17MMP-AN-SB074-MP_5,Normal,1,-88,g,1/1/1950,Fish,UoT-RL,
17MMP-AN-SB074-MP_6,SB074,Field,9,SB074,2017-07-07,17-18_MP_Moore,TI,RMP,MPSL-MLML,,OpenWater1,Point,07:38,Trawl,1,MPSL-MLML_OtterTrawl_16,Resident,,17MMP-AN-SB074-MP_6,Engraulidae,Anchovies,,A,1,Yes,,,7,cm,,1.8,g,,,,,,,17MMP-AN-SB074-MP_6,GUT,Not Recorded,1/1/1950,-88,g,,17MMP-AN-SB074-MP_6,Normal,1,-88,g,1/1/1950,Fish,UoT-RL,
17MMP-AN-SB074-MP_7,SB074,Field,8,SB074,2017-07-07,17-18_MP_Moore,TI,RMP,MPSL-MLML,,OpenWater1,Point,07:38,Trawl,1,MPSL-MLML_OtterTrawl_16,Resident,,17MMP-AN-SB074-MP_7,Engraulidae,Anchovies,,A,1,Yes,,,7.8,cm,,2.8,g,,,,,,,17MMP-AN-SB074-MP_7,GUT,Not Recorded,1/1/1950,-88,g,,17MMP-AN-SB074-MP_7,Normal,1,-88,g,1/1/1950,Fish,UoT-RL,
17MMP-AN-SB074-MP_8,SB074,Field,8,SB074,2017-07-07,17-18_MP_Moore,TI,RMP,MPSL-MLML,,OpenWater1,Point,07:38,Trawl,1,MPSL-MLML_OtterTrawl_16,Resident,,17MMP-AN-SB074-MP_8,Engraulidae,Anchovies,,A,1,Yes,,,8,cm,,2.8,g,,,,,,,17MMP-AN-SB074-MP_8,GUT,Not Recorded,1/1/1950,-88,g,,17MMP-AN-SB074-MP_8,Normal,1,-88,g,1/1/1950,Fish,UoT-RL,
17MMP-AN-SB074-MP_9,SB074,Field,5,SB074,2017-07-07,17-18_MP_Moore,TI,RMP,MPSL-MLML,,OpenWater1,Point,07:38,Trawl,1,MPSL-MLML_OtterTrawl_16,Resident,,17MMP-AN-SB074-MP_9,Engraulidae,Anchovies,,A,1,Yes,,,7.1,cm,,1.8,g,,,,,,,17MMP-AN-SB074-MP_9,GUT,Not Recorded,1/1/1950,-88,g,,17MMP-AN-SB074-MP_9,Normal,1,-88,g,1/1/1950,Fish,UoT-RL,
17MMP-AN-SOSL40-MP_1,SOSL40,Field,14,SOSL40,2017-06-07,17-18_MP_Moore,TI,RMP,MPSL-MLML,,Bank,Point,09:30,Trawl,1,MPSL-MLML_OtterTrawl_16,Resident,,17MMP-AN-SOSL40-MP_1,Engraulidae,Anchovies,,A,1,Yes,,,7,cm,,2,g,,,,,,,17MMP-AN-SOSL40-MP_1,GUT,Not Recorded,1/1/1950,-88,g,,17MMP-AN-SOSL40-MP_1,Normal,1,-88,g,1/1/1950,Fish,UoT-RL,
17MMP-AN-SOSL40-MP_10,SOSL40,Field,4,SOSL40,2017-06-07,17-18_MP_Moore,TI,RMP,MPSL-MLML,,Bank,Point,09:30,Trawl,1,MPSL-MLML_OtterTrawl_16,Resident,,17MMP-AN-SOSL40-MP_10,Engraulidae,Anchovies,,A,1,Yes,,,10.8,cm,,7.5,g,,,,,,,17MMP-AN-SOSL40-MP_10,GUT,Not Recorded,1/1/1950,-88,g,,17MMP-AN-SOSL40-MP_10,Normal,1,-88,g,1/1/1950,Fish,UoT-RL,
17MMP-AN-SOSL40-MP_2,SOSL40,Field,4,SOSL40,2017-06-07,17-18_MP_Moore,TI,RMP,MPSL-MLML,,Bank,Point,09:30,Trawl,1,MPSL-MLML_OtterTrawl_16,Resident,,17MMP-AN-SOSL40-MP_2,Engraulidae,Anchovies,,A,1,Yes,,,8.8,cm,,3.7,g,,,,,,,17MMP-AN-SOSL40-MP_2,GUT,Not Recorded,1/1/1950,-88,g,,17MMP-AN-SOSL40-MP_2,Normal,1,-88,g,1/1/1950,Fish,UoT-RL,
17MMP-AN-SOSL40-MP_3,SOSL40,Field,7,SOSL40,2017-06-07,17-18_MP_Moore,TI,RMP,MPSL-MLML,,Bank,Point,09:30,Trawl,1,MPSL-MLML_OtterTrawl_16,Resident,,17MMP-AN-SOSL40-MP_3,Engraulidae,Anchovies,,A,1,Yes,,,9,cm,,7.2,g,,,,,,,17MMP-AN-SOSL40-MP_3,GUT,Not Recorded,1/1/1950,-88,g,,17MMP-AN-SOSL40-MP_3,Normal,1,-88,g,1/1/1950,Fish,UoT-RL,
17MMP-AN-SOSL40-MP_4,SOSL40,Field,12,SOSL40,2017-06-07,17-18_MP_Moore,TI,RMP,MPSL-MLML,,Bank,Point,09:30,Trawl,1,MPSL-MLML_OtterTrawl_16,Resident,,17MMP-AN-SOSL40-MP_4,Engraulidae,Anchovies,,A,1,Yes,,,10.4,cm,,7.4,g,,,,,,,17MMP-AN-SOSL40-MP_4,GUT,Not Recorded,1/1/1950,-88,g,,17MMP-AN-SOSL40-MP_4,Normal,1,-88,g,1/1/1950,Fish,UoT-RL,
17MMP-AN-SOSL40-MP_5,SOSL40,Field,7,SOSL40,2017-06-07,17-18_MP_Moore,TI,RMP,MPSL-MLML,,Bank,Point,09:30,Trawl,1,MPSL-MLML_OtterTrawl_16,Resident,,17MMP-AN-SOSL40-MP_5,Engraulidae,Anchovies,,A,1,Yes,,,8.3,cm,,4.7,g,,,,,,,17MMP-AN-SOSL40-MP_5,GUT,Not Recorded,1/1/1950,-88,g,,17MMP-AN-SOSL40-MP_5,Normal,1,-88,g,1/1/1950,Fish,UoT-RL,
17MMP-AN-SOSL40-MP_6,SOSL40,Field,3,SOSL40,2017-06-07,17-18_MP_Moore,TI,RMP,MPSL-MLML,,Bank,Point,09:30,Trawl,1,MPSL-MLML_OtterTrawl_16,Resident,,17MMP-AN-SOSL40-MP_6,Engraulidae,Anchovies,,A,1,Yes,,,8.6,cm,,4.6,g,,,,,,,17MMP-AN-SOSL40-MP_6,GUT,Not Recorded,1/1/1950,-88,g,,17MMP-AN-SOSL40-MP_6,Normal,1,-88,g,1/1/1950,Fish,UoT-RL,
17MMP-AN-SOSL40-MP_7,SOSL40,Field,7,SOSL40,2017-06-07,17-18_MP_Moore,TI,RMP,MPSL-MLML,,Bank,Point,09:30,Trawl,1,MPSL-MLML_OtterTrawl_16,Resident,,17MMP-AN-SOSL40-MP_7,Engraulidae,Anchovies,,A,1,Yes,,,10.1,cm,,7.6,g,,,,,,,17MMP-AN-SOSL40-MP_7,GUT,Not Recorded,1/1/1950,-88,g,,17MMP-AN-SOSL40-MP_7,Normal,1,-88,g,1/1/1950,Fish,UoT-RL,
17MMP-AN-SOSL40-MP_8,SOSL40,Field,9,SOSL40,2017-06-07,17-18_MP_Moore,TI,RMP,MPSL-MLML,,Bank,Point,09:30,Trawl,1,MPSL-MLML_OtterTrawl_16,Resident,,17MMP-AN-SOSL40-MP_8,Engraulidae,Anchovies,,A,1,Yes,,,8,cm,,3.2,g,,,,,,,17MMP-AN-SOSL40-MP_8,GUT,Not Recorded,1/1/1950,-88,g,,17MMP-AN-SOSL40-MP_8,Normal,1,-88,g,1/1/1950,Fish,UoT-RL,
17MMP-AN-SOSL40-MP_9,SOSL40,Field,3,SOSL40,2017-06-07,17-18_MP_Moore,TI,RMP,MPSL-MLML,,Bank,Point,09:30,Trawl,1,MPSL-MLML_OtterTrawl_16,Resident,,17MMP-AN-SOSL40-MP_9,Engraulidae,Anchovies,,A,1,Yes,,,8.5,cm,,3.4,g,,,,,,,17MMP-AN-SOSL40-MP_9,GUT,Not Recorded,1/1/1950,-88,g,,17MMP-AN-SOSL40-MP_9,Normal,1,-88,g,1/1/1950,Fish,UoT-RL,
17MMP-AN-TB101-MP_1,TB101,Field,0,TB101,2017-06-23,17-18_MP_Moore,TI,RMP,MPSL-MLML,,OpenWater1,Point,07:35,Trawl,1,MPSL-MLML_OtterTrawl_16,Resident,,17MMP-AN-TB101-MP_10,Engraulidae,Anchovies,,A,1,Yes,,,5.5,cm,,0.6,g,,,,,,,17MMP-AN-TB101-MP_1,GUT,Not Recorded,1/1/1950,-88,g,,17MMP-AN-TB101-MP_1,Normal,1,-88,g,1/1/1950,Fish,UoT-RL,
17MMP-AN-TB101-MP_10,TB101,Field,9,TB101,2017-06-23,17-18_MP_Moore,TI,RMP,MPSL-MLML,,OpenWater1,Point,07:35,Trawl,1,MPSL-MLML_OtterTrawl_16,Resident,,17MMP-AN-TB101-MP_10,Engraulidae,Anchovies,,A,1,Yes,,,6.8,cm,,1.6,g,,,,,,,17MMP-AN-TB101-MP_10,GUT,Not Recorded,1/1/1950,-88,g,,17MMP-AN-TB101-MP_10,Normal,1,-88,g,1/1/1950,Fish,UoT-RL,
17MMP-AN-TB101-MP_2,TB101,Field,0,TB101,2017-06-23,17-18_MP_Moore,TI,RMP,MPSL-MLML,,OpenWater1,Point,07:35,Trawl,1,MPSL-MLML_OtterTrawl_16,Resident,,17MMP-AN-TB101-MP_10,Engraulidae,Anchovies,,A,1,Yes,,,5.3,cm,,0.6,g,,,,,,,17MMP-AN-TB101-MP_2,GUT,Not Recorded,1/1/1950,-88,g,,17MMP-AN-TB101-MP_2,Normal,1,-88,g,1/1/1950,Fish,UoT-RL,
17MMP-AN-TB101-MP_3,TB101,Field,6,TB101,2017-06-23,17-18_MP_Moore,TI,RMP,MPSL-MLML,,OpenWater1,Point,07:35,Trawl,1,MPSL-MLML_OtterTrawl_16,Resident,,17MMP-AN-TB101-MP_3,Engraulidae,Anchovies,,A,1,Yes,,,7.4,cm,,2.3,g,,,,,,,17MMP-AN-TB101-MP_3,GUT,Not Recorded,1/1/1950,-88,g,,17MMP-AN-TB101-MP_3,Normal,1,-88,g,1/1/1950,Fish,UoT-RL,
17MMP-AN-TB101-MP_4,TB101,Field,1,TB101,2017-06-23,17-18_MP_Moore,TI,RMP,MPSL-MLML,,OpenWater1,Point,07:35,Trawl,1,MPSL-MLML_OtterTrawl_16,Resident,,17MMP-AN-TB101-MP_4,Engraulidae,Anchovies,,A,1,Yes,,,6.5,cm,,1,g,,,,,,,17MMP-AN-TB101-MP_4,GUT,Not Recorded,1/1/1950,-88,g,,17MMP-AN-TB101-MP_4,Normal,1,-88,g,1/1/1950,Fish,UoT-RL,
17MMP-AN-TB101-MP_5,TB101,Field,1,TB101,2017-06-23,17-18_MP_Moore,TI,RMP,MPSL-MLML,,OpenWater1,Point,07:35,Trawl,1,MPSL-MLML_OtterTrawl_16,Resident,,17MMP-AN-TB101-MP_5,Engraulidae,Anchovies,,A,1,Yes,,,7.7,cm,,2.5,g,,,,,,,17MMP-AN-TB101-MP_5,GUT,Not Recorded,1/1/1950,-88,g,,17MMP-AN-TB101-MP_5,Normal,1,-88,g,1/1/1950,Fish,UoT-RL,
17MMP-AN-TB101-MP_6,TB101,Field,5,TB101,2017-06-23,17-18_MP_Moore,TI,RMP,MPSL-MLML,,OpenWater1,Point,07:35,Trawl,1,MPSL-MLML_OtterTrawl_16,Resident,,17MMP-AN-TB101-MP_6,Engraulidae,Anchovies,,A,1,Yes,,,6.1,cm,,1.1,g,,,,,,,17MMP-AN-TB101-MP_6,GUT,Not Recorded,1/1/1950,-88,g,,17MMP-AN-TB101-MP_6,Normal,1,-88,g,1/1/1950,Fish,UoT-RL,
17MMP-AN-TB101-MP_7,TB101,Field,10,TB101,2017-06-23,17-18_MP_Moore,TI,RMP,MPSL-MLML,,OpenWater1,Point,07:35,Trawl,1,MPSL-MLML_OtterTrawl_16,Resident,,17MMP-AN-TB101-MP_7,Engraulidae,Anchovies,,A,1,Yes,,,5.1,cm,,0.4,g,,,,,,,17MMP-AN-TB101-MP_7,GUT,Not Recorded,1/1/1950,-88,g,,17MMP-AN-TB101-MP_7,Normal,1,-88,g,1/1/1950,Fish,UoT-RL,
17MMP-AN-TB101-MP_8,TB101,Field,5,TB101,2017-06-23,17-18_MP_Moore,TI,RMP,MPSL-MLML,,OpenWater1,Point,07:35,Trawl,1,MPSL-MLML_OtterTrawl_16,Resident,,17MMP-AN-TB101-MP_8,Engraulidae,Anchovies,,A,1,Yes,,,6.7,cm,,1.5,g,,,,,,,17MMP-AN-TB101-MP_8,GUT,Not Recorded,1/1/1950,-88,g,,17MMP-AN-TB101-MP_8,Normal,1,-88,g,1/1/1950,Fish,UoT-RL,
17MMP-AN-TB101-MP_9,TB101,Field,9,TB101,2017-06-23,17-18_MP_Moore,TI,RMP,MPSL-MLML,,OpenWater1,Point,07:35,Trawl,1,MPSL-MLML_OtterTrawl_16,Resident,,17MMP-AN-TB101-MP_9,Engraulidae,Anchovies,,A,1,Yes,,,8.9,cm,,4,g,,,,,,,17MMP-AN-TB101-MP_9,GUT,Not Recorded,1/1/1950,-88,g,,17MMP-AN-TB101-MP_9,Normal,1,-88,g,1/1/1950,Fish,UoT-RL,
17MMP-AN-TB102-MP_1,TB102,Field,10,TB102,2017-06-23,17-18_MP_Moore,TI,RMP,MPSL-MLML,,OpenWater1,Point,06:50,Trawl,1,MPSL-MLML_OtterTrawl_16,Resident,,17MMP-AN-TB102-MP_1,Engraulidae,Anchovies,,A,1,Yes,,,4.7,cm,,0.5,g,,,,,,,17MMP-AN-TB102-MP_1,GUT,Not Recorded,1/1/1950,-88,g,,17MMP-AN-TB102-MP_1,Normal,1,-88,g,1/1/1950,Fish,UoT-RL,
17MMP-AN-TB102-MP_10,TB102,Field,4,TB102,2017-06-23,17-18_MP_Moore,TI,RMP,MPSL-MLML,,OpenWater1,Point,06:50,Trawl,1,MPSL-MLML_OtterTrawl_16,Resident,,17MMP-AN-TB102-MP_10,Engraulidae,Anchovies,,A,1,Yes,,,5,cm,,0.6,g,,,,,,,17MMP-AN-TB102-MP_10,GUT,Not Recorded,1/1/1950,-88,g,,17MMP-AN-TB102-MP_10,Normal,1,-88,g,1/1/1950,Fish,UoT-RL,
17MMP-AN-TB102-MP_2,TB102,Field,7,TB102,2017-06-23,17-18_MP_Moore,TI,RMP,MPSL-MLML,,OpenWater1,Point,06:50,Trawl,1,MPSL-MLML_OtterTrawl_16,Resident,,17MMP-AN-TB102-MP_2,Engraulidae,Anchovies,,A,1,Yes,,,4.8,cm,,0.6,g,,,,,,,17MMP-AN-TB102-MP_2,GUT,Not Recorded,1/1/1950,-88,g,,17MMP-AN-TB102-MP_2,Normal,1,-88,g,1/1/1950,Fish,UoT-RL,
17MMP-AN-TB102-MP_3,TB102,Field,2,TB102,2017-06-23,17-18_MP_Moore,TI,RMP,MPSL-MLML,,OpenWater1,Point,06:50,Trawl,1,MPSL-MLML_OtterTrawl_16,Resident,,17MMP-AN-TB102-MP_3,Engraulidae,Anchovies,,A,1,Yes,,,4.9,cm,,0.5,g,,,,,,,17MMP-AN-TB102-MP_3,GUT,Not Recorded,1/1/1950,-88,g,,17MMP-AN-TB102-MP_3,Normal,1,-88,g,1/1/1950,Fish,UoT-RL,
17MMP-AN-TB102-MP_4,TB102,Field,3,TB102,2017-06-23,17-18_MP_Moore,TI,RMP,MPSL-MLML,,OpenWater1,Point,06:50,Trawl,1,MPSL-MLML_OtterTrawl_16,Resident,,17MMP-AN-TB102-MP_4,Engraulidae,Anchovies,,A,1,Yes,,,4.9,cm,,0.6,g,,,,,,,17MMP-AN-TB102-MP_4,GUT,Not Recorded,1/1/1950,-88,g,,17MMP-AN-TB102-MP_4,Normal,1,-88,g,1/1/1950,Fish,UoT-RL,
17MMP-AN-TB102-MP_5,TB102,Field,6,TB102,2017-06-23,17-18_MP_Moore,TI,RMP,MPSL-MLML,,OpenWater1,Point,06:50,Trawl,1,MPSL-MLML_OtterTrawl_16,Resident,,17MMP-AN-TB102-MP_5,Engraulidae,Anchovies,,A,1,Yes,,,4.7,cm,,0.6,g,,,,,,,17MMP-AN-TB102-MP_5,GUT,Not Recorded,1/1/1950,-88,g,,17MMP-AN-TB102-MP_5,Normal,1,-88,g,1/1/1950,Fish,UoT-RL,
17MMP-AN-TB102-MP_6,TB102,Field,5,TB102,2017-06-23,17-18_MP_Moore,TI,RMP,MPSL-MLML,,OpenWater1,Point,06:50,Trawl,1,MPSL-MLML_OtterTrawl_16,Resident,,17MMP-AN-TB102-MP_6,Engraulidae,Anchovies,,A,1,Yes,,,5,cm,,0.6,g,,,,,,,17MMP-AN-TB102-MP_6,GUT,Not Recorded,1/1/1950,-88,g,,17MMP-AN-TB102-MP_6,Normal,1,-88,g,1/1/1950,Fish,UoT-RL,
17MMP-AN-TB102-MP_7,TB102,Field,3,TB102,2017-06-23,17-18_MP_Moore,TI,RMP,MPSL-MLML,,OpenWater1,Point,06:50,Trawl,1,MPSL-MLML_OtterTrawl_16,Resident,,17MMP-AN-TB102-MP_7,Engraulidae,Anchovies,,A,1,Yes,,,5.5,cm,,0.7,g,,,,,,,17MMP-AN-TB102-MP_7,GUT,Not Recorded,1/1/1950,-88,g,,17MMP-AN-TB102-MP_7,Normal,1,-88,g,1/1/1950,Fish,UoT-RL,
17MMP-AN-TB102-MP_8,TB102,Field,6,TB102,2017-06-23,17-18_MP_Moore,TI,RMP,MPSL-MLML,,OpenWater1,Point,06:50,Trawl,1,MPSL-MLML_OtterTrawl_16,Resident,,17MMP-AN-TB102-MP_8,Engraulidae,Anchovies,,A,1,Yes,,,5.1,cm,,0.7,g,,,,,,,17MMP-AN-TB102-MP_8,GUT,Not Recorded,1/1/1950,-88,g,,17MMP-AN-TB102-MP_8,Normal,1,-88,g,1/1/1950,Fish,UoT-RL,
17MMP-AN-TB102-MP_9,TB102,Field,4,TB102,2017-06-23,17-18_MP_Moore,TI,RMP,MPSL-MLML,,OpenWater1,Point,06:50,Trawl,1,MPSL-MLML_OtterTrawl_16,Resident,,17MMP-AN-TB102-MP_9,Engraulidae,Anchovies,,A,1,Yes,,,4.8,cm,,0.5,g,,,,,,,17MMP-AN-TB102-MP_9,GUT,Not Recorded,1/1/1950,-88,g,,17MMP-AN-TB102-MP_9,Normal,1,-88,g,1/1/1950,Fish,UoT-RL,
17MMP-TS-CB010-MP_1,CB010,Field,23,CB10,2017-07-05,17-18_MP_Moore,TI,RMP,MPSL-MLML,,OpenWater1,Point,11:41,Trawl,1,MPSL-MLML_OtterTrawl_16,Resident,,17MMP-TS-CB010-MP_1,Atherinops affinis,Topsmelt,,A,1,Yes,,,4.9,cm,,0.7,g,,,,,,,17MMP-TS-CB010-MP_1,GUT,Not Recorded,1/1/1950,-88,g,,17MMP-TS-CB010-MP_1,Normal,1,-88,g,1/1/1950,Fish,UoT-RL,
17MMP-TS-CB010-MP_2,CB010,Field,24,CB10,2017-07-05,17-18_MP_Moore,TI,RMP,MPSL-MLML,,OpenWater1,Point,11:41,Net,1,MPSL-MLML_CastNet,Resident,,17MMP-TS-CB010-MP_2,Atherinops affinis,Topsmelt,,A,1,Yes,,,5.1,cm,,0.8,g,,,,,,,17MMP-TS-CB010-MP_2,GUT,Not Recorded,1/1/1950,-88,g,,17MMP-TS-CB010-MP_2,Normal,1,-88,g,1/1/1950,Fish,UoT-RL,
17MMP-TS-CB010-MP_3,CB010,Field,17,CB10,2017-07-05,17-18_MP_Moore,TI,RMP,MPSL-MLML,,OpenWater1,Point,11:41,Net,1,MPSL-MLML_CastNet,Resident,,17MMP-TS-CB010-MP_3,Atherinops affinis,Topsmelt,,A,1,Yes,,,4,cm,,0.5,g,,,,,,,17MMP-TS-CB010-MP_3,GUT,Not Recorded,1/1/1950,-88,g,,17MMP-TS-CB010-MP_3,Normal,1,-88,g,1/1/1950,Fish,UoT-RL,
17MMP-TS-CB010-MP_4,CB010,Field,10,CB10,2017-07-05,17-18_MP_Moore,TI,RMP,MPSL-MLML,,OpenWater1,Point,11:41,Net,1,MPSL-MLML_CastNet,Resident,,17MMP-TS-CB010-MP_4,Atherinops affinis,Topsmelt,,A,1,Yes,,,5,cm,,0.7,g,,,,,,,17MMP-TS-CB010-MP_4,GUT,Not Recorded,1/1/1950,-88,g,,17MMP-TS-CB010-MP_4,Normal,1,-88,g,1/1/1950,Fish,UoT-RL,
17MMP-TS-CB010-MP_5,CB010,Field,16,CB10,2017-07-05,17-18_MP_Moore,TI,RMP,MPSL-MLML,,OpenWater1,Point,11:41,Net,1,MPSL-MLML_CastNet,Resident,,17MMP-TS-CB010-MP_5,Atherinops affinis,Topsmelt,,A,1,Yes,,,4.7,cm,,0.7,g,,,,,,,17MMP-TS-CB010-MP_5,GUT,Not Recorded,1/1/1950,-88,g,,17MMP-TS-CB010-MP_5,Normal,1,-88,g,1/1/1950,Fish,UoT-RL,
17MMP-TS-CB010-MP_6,CB010,Field,19,CB10,2017-07-05,17-18_MP_Moore,TI,RMP,MPSL-MLML,,OpenWater1,Point,11:41,Net,1,MPSL-MLML_CastNet,Resident,,17MMP-TS-CB010-MP_6,Atherinops affinis,Topsmelt,,A,1,Yes,,,6.5,cm,,1.5,g,,,,,,,17MMP-TS-CB010-MP_6,GUT,Not Recorded,1/1/1950,-88,g,,17MMP-TS-CB010-MP_6,Normal,1,-88,g,1/1/1950,Fish,UoT-RL,
17MMP-TS-CB010-MP_7,CB010,Field,12,CB10,2017-07-05,17-18_MP_Moore,TI,RMP,MPSL-MLML,,OpenWater1,Point,11:41,Net,1,MPSL-MLML_CastNet,Resident,,17MMP-TS-CB010-MP_7,Atherinops affinis,Topsmelt,,A,1,Yes,,,18.7,cm,,39.1,g,,,,,,,17MMP-TS-CB010-MP_7,GUT,Not Recorded,1/1/1950,-88,g,,17MMP-TS-CB010-MP_7,Normal,1,-88,g,1/1/1950,Fish,UoT-RL,
17MMP-TS-CB010-MP_8,CB010,Field,7,CB10,2017-07-05,17-18_MP_Moore,TI,RMP,MPSL-MLML,,OpenWater1,Point,11:41,Net,1,MPSL-MLML_CastNet,Resident,,17MMP-TS-CB010-MP_8,Atherinops affinis,Topsmelt,,A,1,Yes,,,26.4,cm,,125.3,g,,,,,,,17MMP-TS-CB010-MP_8,GUT,Not Recorded,1/1/1950,-88,g,,17MMP-TS-CB010-MP_8,Normal,1,-88,g,1/1/1950,Fish,UoT-RL,
17MMP-TS-CB037-MP_1,CB037,Field,9,CB37,2017-07-06,17-18_MP_Moore,TI,RMP,MPSL-MLML,,OpenWater1,Point,08:13,Net,1,MPSL-MLML_CastNet,Resident,,17MMP-TS-CB037-MP_1,Atherinops affinis,Topsmelt,,A,1,Yes,,,5.6,cm,,1.1,g,,,,,,,17MMP-TS-CB037-MP_1,GUT,Not Recorded,1/1/1950,-88,g,,17MMP-TS-CB037-MP_1,Normal,1,-88,g,1/1/1950,Fish,UoT-RL,
17MMP-TS-CB037-MP_10,CB037,Field,4,CB37,2017-07-06,17-18_MP_Moore,TI,RMP,MPSL-MLML,,OpenWater1,Point,08:13,Net,1,MPSL-MLML_CastNet,Resident,,17MMP-TS-CB037-MP_10,Atherinops affinis,Topsmelt,,A,1,Yes,,,17.1,cm,,35.3,g,,,,,,,17MMP-TS-CB037-MP_10,GUT,Not Recorded,1/1/1950,-88,g,,17MMP-TS-CB037-MP_10,Normal,1,-88,g,1/1/1950,Fish,UoT-RL,
17MMP-TS-CB037-MP_2,CB037,Field,5,CB37,2017-07-06,17-18_MP_Moore,TI,RMP,MPSL-MLML,,OpenWater1,Point,08:13,Net,1,MPSL-MLML_CastNet,Resident,,17MMP-TS-CB037-MP_2,Atherinops affinis,Topsmelt,,A,1,Yes,,,5.7,cm,,1.2,g,,,,,,,17MMP-TS-CB037-MP_2,GUT,Not Recorded,1/1/1950,-88,g,,17MMP-TS-CB037-MP_2,Normal,1,-88,g,1/1/1950,Fish,UoT-RL,
17MMP-TS-CB037-MP_3,CB037,Field,5,CB37,2017-07-06,17-18_MP_Moore,TI,RMP,MPSL-MLML,,OpenWater1,Point,08:13,Net,1,MPSL-MLML_CastNet,Resident,,17MMP-TS-CB037-MP_3,Atherinops affinis,Topsmelt,,A,1,Yes,,,12.2,cm,,13.5,g,,,,,,,17MMP-TS-CB037-MP_3,GUT,Not Recorded,1/1/1950,-88,g,,17MMP-TS-CB037-MP_3,Normal,1,-88,g,1/1/1950,Fish,UoT-RL,
17MMP-TS-CB037-MP_4,CB037,Field,9,CB37,2017-07-06,17-18_MP_Moore,TI,RMP,MPSL-MLML,,OpenWater1,Point,08:13,Net,1,MPSL-MLML_CastNet,Resident,,17MMP-TS-CB037-MP_4,Atherinops affinis,Topsmelt,,A,1,Yes,,,5.9,cm,,1,g,,,,,,,17MMP-TS-CB037-MP_4,GUT,Not Recorded,1/1/1950,-88,g,,17MMP-TS-CB037-MP_4,Normal,1,-88,g,1/1/1950,Fish,UoT-RL,
17MMP-TS-CB037-MP_5,CB037,Field,12,CB37,2017-07-06,17-18_MP_Moore,TI,RMP,MPSL-MLML,,OpenWater1,Point,08:13,Net,1,MPSL-MLML_CastNet,Resident,,17MMP-TS-CB037-MP_5,Atherinops affinis,Topsmelt,,A,1,Yes,,,22.7,cm,,76,g,,,,,,,17MMP-TS-CB037-MP_5,GUT,Not Recorded,1/1/1950,-88,g,,17MMP-TS-CB037-MP_5,Normal,1,-88,g,1/1/1950,Fish,UoT-RL,
17MMP-TS-CB037-MP_6,CB037,Field,6,CB37,2017-07-06,17-18_MP_Moore,TI,RMP,MPSL-MLML,,OpenWater1,Point,08:13,Net,1,MPSL-MLML_CastNet,Resident,,17MMP-TS-CB037-MP_6,Atherinops affinis,Topsmelt,,A,1,Yes,,,13.3,cm,,16,g,,,,,,,17MMP-TS-CB037-MP_6,GUT,Not Recorded,1/1/1950,-88,g,,17MMP-TS-CB037-MP_6,Normal,1,-88,g,1/1/1950,Fish,UoT-RL,
17MMP-TS-CB037-MP_7,CB037,Field,11,CB37,2017-07-06,17-18_MP_Moore,TI,RMP,MPSL-MLML,,OpenWater1,Point,08:13,Net,1,MPSL-MLML_CastNet,Resident,,17MMP-TS-CB037-MP_7,Atherinops affinis,Topsmelt,,A,1,Yes,,,13.6,cm,,17.1,g,,,,,,,17MMP-TS-CB037-MP_7,GUT,Not Recorded,1/1/1950,-88,g,,17MMP-TS-CB037-MP_7,Normal,1,-88,g,1/1/1950,Fish,UoT-RL,
17MMP-TS-CB037-MP_8,CB037,Field,10,CB37,2017-07-06,17-18_MP_Moore,TI,RMP,MPSL-MLML,,OpenWater1,Point,08:13,Net,1,MPSL-MLML_CastNet,Resident,,17MMP-TS-CB037-MP_8,Atherinops affinis,Topsmelt,,A,1,Yes,,,13.8,cm,,18.9,g,,,,,,,17MMP-TS-CB037-MP_8,GUT,Not Recorded,1/1/1950,-88,g,,17MMP-TS-CB037-MP_8,Normal,1,-88,g,1/1/1950,Fish,UoT-RL,
17MMP-TS-CB037-MP_9,CB037,Field,7,CB37,2017-07-06,17-18_MP_Moore,TI,RMP,MPSL-MLML,,OpenWater1,Point,08:13,Net,1,MPSL-MLML_CastNet,Resident,,17MMP-TS-CB037-MP_9,Atherinops affinis,Topsmelt,,A,1,Yes,,,13.8,cm,,18.8,g,,,,,,,17MMP-TS-CB037-MP_9,GUT,Not Recorded,1/1/1950,-88,g,,17MMP-TS-CB037-MP_9,Normal,1,-88,g,1/1/1950,Fish,UoT-RL,
17MMP-TS-CB106-MP_1,CB106,Field,16,CB106,2017-06-19,17-18_MP_Moore,TI,RMP,MPSL-MLML,,Bank,Point,12:00,Net,1,MPSL-MLML_CastNet,Resident,,17MMP-TS-CB106-MP_1,Atherinops affinis,Topsmelt,,A,1,Yes,,,6.3,cm,,1.2,g,,,,,,,17MMP-TS-CB106-MP_1,GUT,Not Recorded,1/1/1950,-88,g,,17MMP-TS-CB106-MP_1,Normal,1,-88,g,1/1/1950,Fish,UoT-RL,
17MMP-TS-CB106-MP_10,CB106,Field,4,CB106,2017-06-19,17-18_MP_Moore,TI,RMP,MPSL-MLML,,Bank,Point,12:00,Net,1,MPSL-MLML_CastNet,Resident,,17MMP-TS-CB106-MP_10,Atherinops affinis,Topsmelt,,A,1,Yes,,,9.1,cm,,4.5,g,,,,,,,17MMP-TS-CB106-MP_10,GUT,Not Recorded,1/1/1950,-88,g,,17MMP-TS-CB106-MP_10,Normal,1,-88,g,1/1/1950,Fish,UoT-RL,
17MMP-TS-CB106-MP_2,CB106,Field,13,CB106,2017-06-19,17-18_MP_Moore,TI,RMP,MPSL-MLML,,Bank,Point,12:00,Net,1,MPSL-MLML_CastNet,Resident,,17MMP-TS-CB106-MP_2,Atherinops affinis,Topsmelt,,A,1,Yes,,,6.7,cm,,1.7,g,,,,,,,17MMP-TS-CB106-MP_2,GUT,Not Recorded,1/1/1950,-88,g,,17MMP-TS-CB106-MP_2,Normal,1,-88,g,1/1/1950,Fish,UoT-RL,
17MMP-TS-CB106-MP_3,CB106,Field,7,CB106,2017-06-19,17-18_MP_Moore,TI,RMP,MPSL-MLML,,Bank,Point,12:00,Net,1,MPSL-MLML_CastNet,Resident,,17MMP-TS-CB106-MP_3,Atherinops affinis,Topsmelt,,A,1,Yes,,,7.1,cm,,2.2,g,,,,,,,17MMP-TS-CB106-MP_3,GUT,Not Recorded,1/1/1950,-88,g,,17MMP-TS-CB106-MP_3,Normal,1,-88,g,1/1/1950,Fish,UoT-RL,
17MMP-TS-CB106-MP_4,CB106,Field,13,CB106,2017-06-19,17-18_MP_Moore,TI,RMP,MPSL-MLML,,Bank,Point,12:00,Net,1,MPSL-MLML_CastNet,Resident,,17MMP-TS-CB106-MP_4,Atherinops affinis,Topsmelt,,A,1,Yes,,,7.5,cm,,2.4,g,,,,,,,17MMP-TS-CB106-MP_4,GUT,Not Recorded,1/1/1950,-88,g,,17MMP-TS-CB106-MP_4,Normal,1,-88,g,1/1/1950,Fish,UoT-RL,
17MMP-TS-CB106-MP_5,CB106,Field,13,CB106,2017-06-19,17-18_MP_Moore,TI,RMP,MPSL-MLML,,Bank,Point,12:00,Net,1,MPSL-MLML_CastNet,Resident,,17MMP-TS-CB106-MP_5,Atherinops affinis,Topsmelt,,A,1,Yes,,,7,cm,,1.8,g,,,,,,,17MMP-TS-CB106-MP_5,GUT,Not Recorded,1/1/1950,-88,g,,17MMP-TS-CB106-MP_5,Normal,1,-88,g,1/1/1950,Fish,UoT-RL,
17MMP-TS-CB106-MP_6,CB106,Field,7,CB106,2017-06-19,17-18_MP_Moore,TI,RMP,MPSL-MLML,,Bank,Point,12:00,Net,1,MPSL-MLML_CastNet,Resident,,17MMP-TS-CB106-MP_6,Atherinops affinis,Topsmelt,,A,1,Yes,,,7.7,cm,,2.5,g,,,,,,,17MMP-TS-CB106-MP_6,GUT,Not Recorded,1/1/1950,-88,g,,17MMP-TS-CB106-MP_6,Normal,1,-88,g,1/1/1950,Fish,UoT-RL,
17MMP-TS-CB106-MP_7,CB106,Field,13,CB106,2017-06-19,17-18_MP_Moore,TI,RMP,MPSL-MLML,,Bank,Point,12:00,Net,1,MPSL-MLML_CastNet,Resident,,17MMP-TS-CB106-MP_7,Atherinops affinis,Topsmelt,,A,1,Yes,,,8,cm,,2.8,g,,,,,,,17MMP-TS-CB106-MP_7,GUT,Not Recorded,1/1/1950,-88,g,,17MMP-TS-CB106-MP_7,Normal,1,-88,g,1/1/1950,Fish,UoT-RL,
17MMP-TS-CB106-MP_8,CB106,Field,20,CB106,2017-06-19,17-18_MP_Moore,TI,RMP,MPSL-MLML,,Bank,Point,12:00,Net,1,MPSL-MLML_CastNet,Resident,,17MMP-TS-CB106-MP_8,Atherinops affinis,Topsmelt,,A,1,Yes,,,7.7,cm,,2.6,g,,,,,,,17MMP-TS-CB106-MP_8,GUT,Not Recorded,1/1/1950,-88,g,,17MMP-TS-CB106-MP_8,Normal,1,-88,g,1/1/1950,Fish,UoT-RL,
17MMP-TS-CB106-MP_9,CB106,Field,9,CB106,2017-06-19,17-18_MP_Moore,TI,RMP,MPSL-MLML,,Bank,Point,12:00,Net,1,MPSL-MLML_CastNet,Resident,,17MMP-TS-CB106-MP_9,Atherinops affinis,Topsmelt,,A,1,Yes,,,9.3,cm,,4.2,g,,,,,,,17MMP-TS-CB106-MP_9,GUT,Not Recorded,1/1/1950,-88,g,,17MMP-TS-CB106-MP_9,Normal,1,-88,g,1/1/1950,Fish,UoT-RL,
17MMP-TS-LSB06-MP_1,LSB06,Field,2,LSB06,2017-06-09,17-18_MP_Moore,TI,RMP,MPSL-MLML,,Bank,Point,07:30,Net,1,MPSL-MLML_CastNet,Resident,,17MMP-TS-LSB06-MP_1,Atherinops affinis,Topsmelt,,A,1,Yes,,,11.8,cm,,11.3,g,,,,,,,17MMP-TS-LSB06-MP_1,GUT,Not Recorded,1/1/1950,-88,g,,17MMP-TS-LSB06-MP_1,Normal,1,-88,g,1/1/1950,Fish,UoT-RL,
17MMP-TS-LSB06-MP_10,LSB06,Field,5,LSB06,2017-06-09,17-18_MP_Moore,TI,RMP,MPSL-MLML,,Bank,Point,07:30,Net,1,MPSL-MLML_CastNet,Resident,,17MMP-TS-LSB06-MP_10,Atherinops affinis,Topsmelt,,A,1,Yes,,,13.9,cm,,17.2,g,,,,,,,17MMP-TS-LSB06-MP_10,GUT,Not Recorded,1/1/1950,-88,g,,17MMP-TS-LSB06-MP_10,Normal,1,-88,g,1/1/1950,Fish,UoT-RL,
17MMP-TS-LSB06-MP_2,LSB06,Field,3,LSB06,2017-06-09,17-18_MP_Moore,TI,RMP,MPSL-MLML,,Bank,Point,07:30,Net,1,MPSL-MLML_CastNet,Resident,,17MMP-TS-LSB06-MP_2,Atherinops affinis,Topsmelt,,A,1,Yes,,,11.4,cm,,10,g,,,,,,,17MMP-TS-LSB06-MP_2,GUT,Not Recorded,1/1/1950,-88,g,,17MMP-TS-LSB06-MP_2,Normal,1,-88,g,1/1/1950,Fish,UoT-RL,
17MMP-TS-LSB06-MP_3,LSB06,Field,5,LSB06,2017-06-09,17-18_MP_Moore,TI,RMP,MPSL-MLML,,Bank,Point,07:30,Net,1,MPSL-MLML_CastNet,Resident,,17MMP-TS-LSB06-MP_3,Atherinops affinis,Topsmelt,,A,1,Yes,,,10.4,cm,,7.9,g,,,,,,,17MMP-TS-LSB06-MP_3,GUT,Not Recorded,1/1/1950,-88,g,,17MMP-TS-LSB06-MP_3,Normal,1,-88,g,1/1/1950,Fish,UoT-RL,
17MMP-TS-LSB06-MP_4,LSB06,Field,7,LSB06,2017-06-09,17-18_MP_Moore,TI,RMP,MPSL-MLML,,Bank,Point,07:30,Net,1,MPSL-MLML_CastNet,Resident,,17MMP-TS-LSB06-MP_4,Atherinops affinis,Topsmelt,,A,1,Yes,,,12.4,cm,,13.1,g,,,,,,,17MMP-TS-LSB06-MP_4,GUT,Not Recorded,1/1/1950,-88,g,,17MMP-TS-LSB06-MP_4,Normal,1,-88,g,1/1/1950,Fish,UoT-RL,
17MMP-TS-LSB06-MP_5,LSB06,Field,6,LSB06,2017-06-09,17-18_MP_Moore,TI,RMP,MPSL-MLML,,Bank,Point,07:30,Net,1,MPSL-MLML_CastNet,Resident,,17MMP-TS-LSB06-MP_5,Atherinops affinis,Topsmelt,,A,1,Yes,,,12.9,cm,,13.5,g,,,,,,,17MMP-TS-LSB06-MP_5,GUT,Not Recorded,1/1/1950,-88,g,,17MMP-TS-LSB06-MP_5,Normal,1,-88,g,1/1/1950,Fish,UoT-RL,
17MMP-TS-LSB06-MP_6,LSB06,Field,7,LSB06,2017-06-09,17-18_MP_Moore,TI,RMP,MPSL-MLML,,Bank,Point,07:30,Net,1,MPSL-MLML_CastNet,Resident,,17MMP-TS-LSB06-MP_6,Atherinops affinis,Topsmelt,,A,1,Yes,,,12.3,cm,,13.5,g,,,,,,,17MMP-TS-LSB06-MP_6,GUT,Not Recorded,1/1/1950,-88,g,,17MMP-TS-LSB06-MP_6,Normal,1,-88,g,1/1/1950,Fish,UoT-RL,
17MMP-TS-LSB06-MP_7,LSB06,Field,10,LSB06,2017-06-09,17-18_MP_Moore,TI,RMP,MPSL-MLML,,Bank,Point,07:30,Net,1,MPSL-MLML_CastNet,Resident,,17MMP-TS-LSB06-MP_7,Atherinops affinis,Topsmelt,,A,1,Yes,,,12.8,cm,,14.4,g,,,,,,,17MMP-TS-LSB06-MP_7,GUT,Not Recorded,1/1/1950,-88,g,,17MMP-TS-LSB06-MP_7,Normal,1,-88,g,1/1/1950,Fish,UoT-RL,
17MMP-TS-LSB06-MP_8,LSB06,Field,9,LSB06,2017-06-09,17-18_MP_Moore,TI,RMP,MPSL-MLML,,Bank,Point,07:30,Net,1,MPSL-MLML_CastNet,Resident,,17MMP-TS-LSB06-MP_8,Atherinops affinis,Topsmelt,,A,1,Yes,,,12.7,cm,,16.5,g,,,,,,,17MMP-TS-LSB06-MP_8,GUT,Not Recorded,1/1/1950,-88,g,,17MMP-TS-LSB06-MP_8,Normal,1,-88,g,1/1/1950,Fish,UoT-RL,
17MMP-TS-LSB06-MP_9,LSB06,Field,19,LSB06,2017-06-09,17-18_MP_Moore,TI,RMP,MPSL-MLML,,Bank,Point,07:30,Net,1,MPSL-MLML_CastNet,Resident,,17MMP-TS-LSB06-MP_9,Atherinops affinis,Topsmelt,,A,1,Yes,,,11.6,cm,,11.7,g,,,,,,,17MMP-TS-LSB06-MP_9,GUT,Not Recorded,1/1/1950,-88,g,,17MMP-TS-LSB06-MP_9,Normal,1,-88,g,1/1/1950,Fish,UoT-RL,
17MMP-TS-SB074-MP_1,SB074,Field,14,SB074,2017-07-07,17-18_MP_Moore,TI,RMP,MPSL-MLML,,OpenWater1,Point,07:38,Net,1,MPSL-MLML_CastNet,Resident,,17MMP-TS-SB074-MP_1,Atherinops affinis,Topsmelt,,A,1,Yes,,,26.5,cm,,116,g,,,,,,,17MMP-TS-SB074-MP_1,GUT,Not Recorded,1/1/1950,-88,g,,17MMP-TS-SB074-MP_1,Normal,1,-88,g,1/1/1950,Fish,UoT-RL,
17MMP-TS-SB074-MP_10,SB074,Field,31,SB074,2017-07-07,17-18_MP_Moore,TI,RMP,MPSL-MLML,,OpenWater1,Point,07:38,Net,1,MPSL-MLML_CastNet,Resident,,17MMP-TS-SB074-MP_10,Atherinops affinis,Topsmelt,,A,1,Yes,,,13.5,cm,,19,g,,,,,,,17MMP-TS-SB074-MP_10,GUT,Not Recorded,1/1/1950,-88,g,,17MMP-TS-SB074-MP_10,Normal,1,-88,g,1/1/1950,Fish,UoT-RL,
17MMP-TS-SB074-MP_2,SB074,Field,28,SB074,2017-07-07,17-18_MP_Moore,TI,RMP,MPSL-MLML,,OpenWater1,Point,07:38,Net,1,MPSL-MLML_CastNet,Resident,,17MMP-TS-SB074-MP_2,Atherinops affinis,Topsmelt,,A,1,Yes,,,11.8,cm,,14.7,g,,,,,,,17MMP-TS-SB074-MP_2,GUT,Not Recorded,1/1/1950,-88,g,,17MMP-TS-SB074-MP_2,Normal,1,-88,g,1/1/1950,Fish,UoT-RL,
17MMP-TS-SB074-MP_3,SB074,Field,29,SB074,2017-07-07,17-18_MP_Moore,TI,RMP,MPSL-MLML,,OpenWater1,Point,07:38,Net,1,MPSL-MLML_CastNet,Resident,,17MMP-TS-SB074-MP_3,Atherinops affinis,Topsmelt,,A,1,Yes,,,14.9,cm,,27.4,g,,,,,,,17MMP-TS-SB074-MP_3,GUT,Not Recorded,1/1/1950,-88,g,,17MMP-TS-SB074-MP_3,Normal,1,-88,g,1/1/1950,Fish,UoT-RL,
17MMP-TS-SB074-MP_4,SB074,Field,40,SB074,2017-07-07,17-18_MP_Moore,TI,RMP,MPSL-MLML,,OpenWater1,Point,07:38,Net,1,MPSL-MLML_CastNet,Resident,,17MMP-TS-SB074-MP_4,Atherinops affinis,Topsmelt,,A,1,Yes,,,11.3,cm,,11.1,g,,,,,,,17MMP-TS-SB074-MP_4,GUT,Not Recorded,1/1/1950,-88,g,,17MMP-TS-SB074-MP_4,Normal,1,-88,g,1/1/1950,Fish,UoT-RL,
17MMP-TS-SB074-MP_5,SB074,Field,30,SB074,2017-07-07,17-18_MP_Moore,TI,RMP,MPSL-MLML,,OpenWater1,Point,07:38,Net,1,MPSL-MLML_CastNet,Resident,,17MMP-TS-SB074-MP_5,Atherinops affinis,Topsmelt,,A,1,Yes,,,10.6,cm,,7.6,g,,,,,,,17MMP-TS-SB074-MP_5,GUT,Not Recorded,1/1/1950,-88,g,,17MMP-TS-SB074-MP_5,Normal,1,-88,g,1/1/1950,Fish,UoT-RL,
17MMP-TS-SB074-MP_6,SB074,Field,29,SB074,2017-07-07,17-18_MP_Moore,TI,RMP,MPSL-MLML,,OpenWater1,Point,07:38,Net,1,MPSL-MLML_CastNet,Resident,,17MMP-TS-SB074-MP_6,Atherinops affinis,Topsmelt,,A,1,Yes,,,11.1,cm,,10,g,,,,,,,17MMP-TS-SB074-MP_6,GUT,Not Recorded,1/1/1950,-88,g,,17MMP-TS-SB074-MP_6,Normal,1,-88,g,1/1/1950,Fish,UoT-RL,
17MMP-TS-SB074-MP_7,SB074,Field,57,SB074,2017-07-07,17-18_MP_Moore,TI,RMP,MPSL-MLML,,OpenWater1,Point,07:38,Net,1,MPSL-MLML_CastNet,Resident,,17MMP-TS-SB074-MP_7,Atherinops affinis,Topsmelt,,A,1,Yes,,,14.6,cm,,28.7,g,,,,,,,17MMP-TS-SB074-MP_7,GUT,Not Recorded,1/1/1950,-88,g,,17MMP-TS-SB074-MP_7,Normal,1,-88,g,1/1/1950,Fish,UoT-RL,
17MMP-TS-SB074-MP_8,SB074,Field,19,SB074,2017-07-07,17-18_MP_Moore,TI,RMP,MPSL-MLML,,OpenWater1,Point,07:38,Net,1,MPSL-MLML_CastNet,Resident,,17MMP-TS-SB074-MP_8,Atherinops affinis,Topsmelt,,A,1,Yes,,,16.1,cm,,33.8,g,,,,,,,17MMP-TS-SB074-MP_8,GUT,Not Recorded,1/1/1950,-88,g,,17MMP-TS-SB074-MP_8,Normal,1,-88,g,1/1/1950,Fish,UoT-RL,
17MMP-TS-SB074-MP_9,SB074,Field,24,SB074,2017-07-07,17-18_MP_Moore,TI,RMP,MPSL-MLML,,OpenWater1,Point,07:38,Net,1,MPSL-MLML_CastNet,Resident,,17MMP-TS-SB074-MP_9,Atherinops affinis,Topsmelt,,A,1,Yes,,,16.5,cm,,34.8,g,,,,,,,17MMP-TS-SB074-MP_9,GUT,Not Recorded,1/1/1950,-88,g,,17MMP-TS-SB074-MP_9,Normal,1,-88,g,1/1/1950,Fish,UoT-RL,
17MMP-TS-SOSL40-MP_1,SOSL40,Field,38,SOSL40,2017-06-07,17-18_MP_Moore,TI,RMP,MPSL-MLML,,Bank,Point,09:30,Net,1,MPSL-MLML_CastNet,Resident,,17MMP-TS-SOSL40-MP_1,Atherinops affinis,Topsmelt,,A,1,Yes,,,13,cm,,12.6,g,,,,,,,17MMP-TS-SOSL40-MP_1,GUT,Not Recorded,1/1/1950,-88,g,,17MMP-TS-SOSL40-MP_1,Normal,1,-88,g,1/1/1950,Fish,UoT-RL,
17MMP-TS-SOSL40-MP_10,SOSL40,Field,2,SOSL40,2017-06-07,17-18_MP_Moore,TI,RMP,MPSL-MLML,,Bank,Point,09:30,Net,1,MPSL-MLML_CastNet,Resident,,17MMP-TS-SOSL40-MP_10,Atherinops affinis,Topsmelt,,A,1,Yes,,,11.9,cm,,10.8,g,,,,,,,17MMP-TS-SOSL40-MP_10,GUT,Not Recorded,1/1/1950,-88,g,,17MMP-TS-SOSL40-MP_10,Normal,1,-88,g,1/1/1950,Fish,UoT-RL,
17MMP-TS-SOSL40-MP_2,SOSL40,Field,20,SOSL40,2017-06-07,17-18_MP_Moore,TI,RMP,MPSL-MLML,,Bank,Point,09:30,Net,1,MPSL-MLML_CastNet,Resident,,17MMP-TS-SOSL40-MP_2,Atherinops affinis,Topsmelt,,A,1,Yes,,,11.9,cm,,11.2,g,,,,,,,17MMP-TS-SOSL40-MP_2,GUT,Not Recorded,1/1/1950,-88,g,,17MMP-TS-SOSL40-MP_2,Normal,1,-88,g,1/1/1950,Fish,UoT-RL,
17MMP-TS-SOSL40-MP_3,SOSL40,Field,44,SOSL40,2017-06-07,17-18_MP_Moore,TI,RMP,MPSL-MLML,,Bank,Point,09:30,Net,1,MPSL-MLML_CastNet,Resident,,17MMP-TS-SOSL40-MP_3,Atherinops affinis,Topsmelt,,A,1,Yes,,,13.1,cm,,14.7,g,,,,,,,17MMP-TS-SOSL40-MP_3,GUT,Not Recorded,1/1/1950,-88,g,,17MMP-TS-SOSL40-MP_3,Normal,1,-88,g,1/1/1950,Fish,UoT-RL,
17MMP-TS-SOSL40-MP_4,SOSL40,Field,21,SOSL40,2017-06-07,17-18_MP_Moore,TI,RMP,MPSL-MLML,,Bank,Point,09:30,Net,1,MPSL-MLML_CastNet,Resident,,17MMP-TS-SOSL40-MP_4,Atherinops affinis,Topsmelt,,A,1,Yes,,,11.4,cm,,9.4,g,,,,,,,17MMP-TS-SOSL40-MP_4,GUT,Not Recorded,1/1/1950,-88,g,,17MMP-TS-SOSL40-MP_4,Normal,1,-88,g,1/1/1950,Fish,UoT-RL,
17MMP-TS-SOSL40-MP_5,SOSL40,Field,7,SOSL40,2017-06-07,17-18_MP_Moore,TI,RMP,MPSL-MLML,,Bank,Point,09:30,Net,1,MPSL-MLML_CastNet,Resident,,17MMP-TS-SOSL40-MP_5,Atherinops affinis,Topsmelt,,A,1,Yes,,,10.9,cm,,7.5,g,,,,,,,17MMP-TS-SOSL40-MP_5,GUT,Not Recorded,1/1/1950,-88,g,,17MMP-TS-SOSL40-MP_5,Normal,1,-88,g,1/1/1950,Fish,UoT-RL,
17MMP-TS-SOSL40-MP_6,SOSL40,Field,9,SOSL40,2017-06-07,17-18_MP_Moore,TI,RMP,MPSL-MLML,,Bank,Point,09:30,Net,1,MPSL-MLML_CastNet,Resident,,17MMP-TS-SOSL40-MP_6,Atherinops affinis,Topsmelt,,A,1,Yes,,,12.5,cm,,14.4,g,,,,,,,17MMP-TS-SOSL40-MP_6,GUT,Not Recorded,1/1/1950,-88,g,,17MMP-TS-SOSL40-MP_6,Normal,1,-88,g,1/1/1950,Fish,UoT-RL,
17MMP-TS-SOSL40-MP_7,SOSL40,Field,11,SOSL40,2017-06-07,17-18_MP_Moore,TI,RMP,MPSL-MLML,,Bank,Point,09:30,Net,1,MPSL-MLML_CastNet,Resident,,17MMP-TS-SOSL40-MP_7,Atherinops affinis,Topsmelt,,A,1,Yes,,,11.8,cm,,12.7,g,,,,,,,17MMP-TS-SOSL40-MP_7,GUT,Not Recorded,1/1/1950,-88,g,,17MMP-TS-SOSL40-MP_7,Normal,1,-88,g,1/1/1950,Fish,UoT-RL,
17MMP-TS-SOSL40-MP_8,SOSL40,Field,14,SOSL40,2017-06-07,17-18_MP_Moore,TI,RMP,MPSL-MLML,,Bank,Point,09:30,Net,1,MPSL-MLML_CastNet,Resident,,17MMP-TS-SOSL40-MP_8,Atherinops affinis,Topsmelt,,A,1,Yes,,,12.3,cm,,12,g,,,,,,,17MMP-TS-SOSL40-MP_8,GUT,Not Recorded,1/1/1950,-88,g,,17MMP-TS-SOSL40-MP_8,Normal,1,-88,g,1/1/1950,Fish,UoT-RL,
17MMP-TS-SOSL40-MP_9,SOSL40,Field,8,SOSL40,2017-06-07,17-18_MP_Moore,TI,RMP,MPSL-MLML,,Bank,Point,09:30,Net,1,MPSL-MLML_CastNet,Resident,,17MMP-TS-SOSL40-MP_9,Atherinops affinis,Topsmelt,,A,1,Yes,,,12.6,cm,,15.1,g,,,,,,,17MMP-TS-SOSL40-MP_9,GUT,Not Recorded,1/1/1950,-88,g,,17MMP-TS-SOSL40-MP_9,Normal,1,-88,g,1/1/1950,Fish,UoT-RL,
17MMP-TS-TB101-MP_1,TB101,Field,10,TB101,2017-06-23,17-18_MP_Moore,TI,RMP,MPSL-MLML,,OpenWater1,Point,07:35,Net,1,MPSL-MLML_CastNet,Resident,,17MMP-TS-TB101-MP_1,Atherinops affinis,Topsmelt,,A,1,Yes,,,20,cm,,84,g,,,,,,,17MMP-TS-TB101-MP_1,GUT,Not Recorded,1/1/1950,-88,g,,17MMP-TS-TB101-MP_1,Normal,1,-88,g,1/1/1950,Fish,UoT-RL,
17MMP-TS-TB101-MP_10,TB101,Field,4,TB101,2017-06-23,17-18_MP_Moore,TI,RMP,MPSL-MLML,,OpenWater1,Point,07:35,Net,1,MPSL-MLML_CastNet,Resident,,17MMP-TS-TB101-MP_10,Atherinops affinis,Topsmelt,,A,1,Yes,,,14.8,cm,,25.8,g,,,,,,,17MMP-TS-TB101-MP_10,GUT,Not Recorded,1/1/1950,-88,g,,17MMP-TS-TB101-MP_10,Normal,1,-88,g,1/1/1950,Fish,UoT-RL,
17MMP-TS-TB101-MP_2,TB101,Field,4,TB101,2017-06-23,17-18_MP_Moore,TI,RMP,MPSL-MLML,,OpenWater1,Point,07:35,Net,1,MPSL-MLML_CastNet,Resident,,17MMP-TS-TB101-MP_2,Atherinops affinis,Topsmelt,,A,1,Yes,,,19.3,cm,,60.3,g,,,,,,,17MMP-TS-TB101-MP_2,GUT,Not Recorded,1/1/1950,-88,g,,17MMP-TS-TB101-MP_2,Normal,1,-88,g,1/1/1950,Fish,UoT-RL,
17MMP-TS-TB101-MP_3,TB101,Field,20,TB101,2017-06-23,17-18_MP_Moore,TI,RMP,MPSL-MLML,,OpenWater1,Point,07:35,Net,1,MPSL-MLML_CastNet,Resident,,17MMP-TS-TB101-MP_3,Atherinops affinis,Topsmelt,,A,1,Yes,,,20.9,cm,,82.2,g,,,,,,,17MMP-TS-TB101-MP_3,GUT,Not Recorded,1/1/1950,-88,g,,17MMP-TS-TB101-MP_3,Normal,1,-88,g,1/1/1950,Fish,UoT-RL,
17MMP-TS-TB101-MP_4,TB101,Field,15,TB101,2017-06-23,17-18_MP_Moore,TI,RMP,MPSL-MLML,,OpenWater1,Point,07:35,Net,1,MPSL-MLML_CastNet,Resident,,17MMP-TS-TB101-MP_4,Atherinops affinis,Topsmelt,,A,1,Yes,,,18.2,cm,,49.3,g,,,,,,,17MMP-TS-TB101-MP_4,GUT,Not Recorded,1/1/1950,-88,g,,17MMP-TS-TB101-MP_4,Normal,1,-88,g,1/1/1950,Fish,UoT-RL,
17MMP-TS-TB101-MP_5,TB101,Field,14,TB101,2017-06-23,17-18_MP_Moore,TI,RMP,MPSL-MLML,,OpenWater1,Point,07:35,Net,1,MPSL-MLML_CastNet,Resident,,17MMP-TS-TB101-MP_5,Atherinops affinis,Topsmelt,,A,1,Yes,,,22.2,cm,,91.4,g,,,,,,,17MMP-TS-TB101-MP_5,GUT,Not Recorded,1/1/1950,-88,g,,17MMP-TS-TB101-MP_5,Normal,1,-88,g,1/1/1950,Fish,UoT-RL,
17MMP-TS-TB101-MP_6,TB101,Field,8,TB101,2017-06-23,17-18_MP_Moore,TI,RMP,MPSL-MLML,,OpenWater1,Point,07:35,Net,1,MPSL-MLML_CastNet,Resident,,17MMP-TS-TB101-MP_6,Atherinops affinis,Topsmelt,,A,1,Yes,,,11.2,cm,,11.7,g,,,,,,,17MMP-TS-TB101-MP_6,GUT,Not Recorded,1/1/1950,-88,g,,17MMP-TS-TB101-MP_6,Normal,1,-88,g,1/1/1950,Fish,UoT-RL,
17MMP-TS-TB101-MP_7,TB101,Field,14,TB101,2017-06-23,17-18_MP_Moore,TI,RMP,MPSL-MLML,,OpenWater1,Point,07:35,Net,1,MPSL-MLML_CastNet,Resident,,17MMP-TS-TB101-MP_7,Atherinops affinis,Topsmelt,,A,1,Yes,,,15,cm,,26.1,g,,,,,,,17MMP-TS-TB101-MP_7,GUT,Not Recorded,1/1/1950,-88,g,,17MMP-TS-TB101-MP_7,Normal,1,-88,g,1/1/1950,Fish,UoT-RL,
17MMP-TS-TB101-MP_8,TB101,Field,5,TB101,2017-06-23,17-18_MP_Moore,TI,RMP,MPSL-MLML,,OpenWater1,Point,07:35,Net,1,MPSL-MLML_CastNet,Resident,,17MMP-TS-TB101-MP_8,Atherinops affinis,Topsmelt,,A,1,Yes,,,14.5,cm,,25.2,g,,,,,,,17MMP-TS-TB101-MP_8,GUT,Not Recorded,1/1/1950,-88,g,,17MMP-TS-TB101-MP_8,Normal,1,-88,g,1/1/1950,Fish,UoT-RL,
17MMP-TS-TB101-MP_9,TB101,Field,5,TB101,2017-06-23,17-18_MP_Moore,TI,RMP,MPSL-MLML,,OpenWater1,Point,07:35,Net,1,MPSL-MLML_CastNet,Resident,,17MMP-TS-TB101-MP_9,Atherinops affinis,Topsmelt,,A,1,Yes,,,13.5,cm,,17.8,g,,,,,,,17MMP-TS-TB101-MP_9,GUT,Not Recorded,1/1/1950,-88,g,,17MMP-TS-TB101-MP_9,Normal,1,-88,g,1/1/1950,Fish,UoT-RL,
17MMP-TS-TB102-MP_1,TB102,Field,24,TB102,2017-06-23,17-18_MP_Moore,TI,RMP,MPSL-MLML,,OpenWater1,Point,06:50,Net,1,MPSL-MLML_CastNet,Resident,,17MMP-TS-TB102-MP_1,Atherinops affinis,Topsmelt,,A,1,Yes,,,15.1,cm,,24.8,g,,,,,,,17MMP-TS-TB102-MP_1,GUT,Not Recorded,1/1/1950,-88,g,,17MMP-TS-TB102-MP_1,Normal,1,-88,g,1/1/1950,Fish,UoT-RL,
17MMP-TS-TB102-MP_10,TB102,Field,9,TB102,2017-06-23,17-18_MP_Moore,TI,RMP,MPSL-MLML,,OpenWater1,Point,06:50,Net,1,MPSL-MLML_CastNet,Resident,,17MMP-TS-TB102-MP_10,Atherinops affinis,Topsmelt,,A,1,Yes,,,13.2,cm,,19.2,g,,,,,,,17MMP-TS-TB102-MP_10,GUT,Not Recorded,1/1/1950,-88,g,,17MMP-TS-TB102-MP_10,Normal,1,-88,g,1/1/1950,Fish,UoT-RL,
17MMP-TS-TB102-MP_2,TB102,Field,17,TB102,2017-06-23,17-18_MP_Moore,TI,RMP,MPSL-MLML,,OpenWater1,Point,06:50,Net,1,MPSL-MLML_CastNet,Resident,,17MMP-TS-TB102-MP_2,Atherinops affinis,Topsmelt,,A,1,Yes,,,14.2,cm,,20.9,g,,,,,,,17MMP-TS-TB102-MP_2,GUT,Not Recorded,1/1/1950,-88,g,,17MMP-TS-TB102-MP_2,Normal,1,-88,g,1/1/1950,Fish,UoT-RL,
17MMP-TS-TB102-MP_3,TB102,Field,8,TB102,2017-06-23,17-18_MP_Moore,TI,RMP,MPSL-MLML,,OpenWater1,Point,06:50,Net,1,MPSL-MLML_CastNet,Resident,,17MMP-TS-TB102-MP_3,Atherinops affinis,Topsmelt,,A,1,Yes,,,13.5,cm,,20.4,g,,,,,,,17MMP-TS-TB102-MP_3,GUT,Not Recorded,1/1/1950,-88,g,,17MMP-TS-TB102-MP_3,Normal,1,-88,g,1/1/1950,Fish,UoT-RL,
17MMP-TS-TB102-MP_4,TB102,Field,7,TB102,2017-06-23,17-18_MP_Moore,TI,RMP,MPSL-MLML,,OpenWater1,Point,06:50,Net,1,MPSL-MLML_CastNet,Resident,,17MMP-TS-TB102-MP_4,Atherinops affinis,Topsmelt,,A,1,Yes,,,14.8,cm,,24.2,g,,,,,,,17MMP-TS-TB102-MP_4,GUT,Not Recorded,1/1/1950,-88,g,,17MMP-TS-TB102-MP_4,Normal,1,-88,g,1/1/1950,Fish,UoT-RL,
17MMP-TS-TB102-MP_5,TB102,Field,10,TB102,2017-06-23,17-18_MP_Moore,TI,RMP,MPSL-MLML,,OpenWater1,Point,06:50,Net,1,MPSL-MLML_CastNet,Resident,,17MMP-TS-TB102-MP_5,Atherinops affinis,Topsmelt,,A,1,Yes,,,14.8,cm,,24.6,g,,,,,,,17MMP-TS-TB102-MP_5,GUT,Not Recorded,1/1/1950,-88,g,,17MMP-TS-TB102-MP_5,Normal,1,-88,g,1/1/1950,Fish,UoT-RL,
17MMP-TS-TB102-MP_6,TB102,Field,11,TB102,2017-06-23,17-18_MP_Moore,TI,RMP,MPSL-MLML,,OpenWater1,Point,06:50,Net,1,MPSL-MLML_CastNet,Resident,,17MMP-TS-TB102-MP_6,Atherinops affinis,Topsmelt,,A,1,Yes,,,14.3,cm,,20.5,g,,,,,,,17MMP-TS-TB102-MP_6,GUT,Not Recorded,1/1/1950,-88,g,,17MMP-TS-TB102-MP_6,Normal,1,-88,g,1/1/1950,Fish,UoT-RL,
17MMP-TS-TB102-MP_7,TB102,Field,5,TB102,2017-06-23,17-18_MP_Moore,TI,RMP,MPSL-MLML,,OpenWater1,Point,06:50,Net,1,MPSL-MLML_CastNet,Resident,,17MMP-TS-TB102-MP_7,Atherinops affinis,Topsmelt,,A,1,Yes,,,14.4,cm,,24.1,g,,,,,,,17MMP-TS-TB102-MP_7,GUT,Not Recorded,1/1/1950,-88,g,,17MMP-TS-TB102-MP_7,Normal,1,-88,g,1/1/1950,Fish,UoT-RL,
17MMP-TS-TB102-MP_8,TB102,Field,7,TB102,2017-06-23,17-18_MP_Moore,TI,RMP,MPSL-MLML,,OpenWater1,Point,06:50,Net,1,MPSL-MLML_CastNet,Resident,,17MMP-TS-TB102-MP_8,Atherinops affinis,Topsmelt,,A,1,Yes,,,13.1,cm,,15.4,g,,,,,,,17MMP-TS-TB102-MP_8,GUT,Not Recorded,1/1/1950,-88,g,,17MMP-TS-TB102-MP_8,Normal,1,-88,g,1/1/1950,Fish,UoT-RL,
17MMP-TS-TB102-MP_9,TB102,Field,5,TB102,2017-06-23,17-18_MP_Moore,TI,RMP,MPSL-MLML,,OpenWater1,Point,06:50,Net,1,MPSL-MLML_CastNet,Resident,,17MMP-TS-TB102-MP_9,Atherinops affinis,Topsmelt,,A,1,Yes,,,12.7,cm,,14.9,g,,,,,,,17MMP-TS-TB102-MP_9,GUT,Not Recorded,1/1/1950,-88,g,,17MMP-TS-TB102-MP_9,Normal,1,-88,g,1/1/1950,Fish,UoT-RL,
Blank 13-Feb-18,Blank 13-Feb-18,LABQA,3,LABQA,1950-01-01,17-18_MP_Moore,TI,RMP,UofT,,Not Applicable,Point,00:00,Not Applicable,1,None,,,Blank 13-Feb-18,,LabBlank,,,,,,,,,,,,,,,,,,,,,,,,,Blank 13-Feb-18,LABQA,1,-88,g,1/1/1950,Fish,UoT-RL,
Blank 14-Feb-18,Blank 14-Feb-18,LABQA,17,LABQA,1950-01-01,17-18_MP_Moore,TI,RMP,UofT,,Not Applicable,Point,00:00,Not Applicable,1,None,,,Blank 14-Feb-18,,LabBlank,,,,,,,,,,,,,,,,,,,,,,,,,Blank 14-Feb-18,LABQA,1,-88,g,1/1/1950,Fish,UoT-RL,
Blank 15-Jan-18,Blank 15-Jan-18,LABQA,11,LABQA,1950-01-01,17-18_MP_Moore,TI,RMP,UofT,,Not Applicable,Point,00:00,Not Applicable,1,None,,,Blank 15-Jan-18,,LabBlank,,,,,,,,,,,,,,,,,,,,,,,,,Blank 15-Jan-18,LABQA,1,-88,g,1/1/1950,Fish,UoT-RL,
Blank 16-Feb-18,Blank 16-Feb-18,LABQA,8,LABQA,1950-01-01,17-18_MP_Moore,TI,RMP,UofT,,Not Applicable,Point,00:00,Not Applicable,1,None,,,Blank 16-Feb-18,,LabBlank,,,,,,,,,,,,,,,,,,,,,,,,,Blank 16-Feb-18,LABQA,1,-88,g,1/1/1950,Fish,UoT-RL,
Blank 17-Jan-18,Blank 17-Jan-18,LABQA,1,LABQA,1950-01-01,17-18_MP_Moore,TI,RMP,UofT,,Not Applicable,Point,00:00,Not Applicable,1,None,,,Blank 17-Jan-18,,LabBlank,,,,,,,,,,,,,,,,,,,,,,,,,Blank 17-Jan-18,LABQA,1,-88,g,1/1/1950,Fish,UoT-RL,
Blank 17-Nov-17,Blank 17-Nov-17,LABQA,1,LABQA,1950-01-01,17-18_MP_Moore,TI,RMP,UofT,,Not Applicable,Point,00:00,Not Applicable,1,None,,,Blank 17-Nov-17,,LabBlank,,,,,,,,,,,,,,,,,,,,,,,,,Blank 17-Nov-17,LABQA,1,-88,g,1/1/1950,Fish,UoT-RL,
Blank 19-Jan-18,Blank 19-Jan-18,LABQA,3,LABQA,1950-01-01,17-18_MP_Moore,TI,RMP,UofT,,Not Applicable,Point,00:00,Not Applicable,1,None,,,Blank 19-Jan-18,,LabBlank,,,,,,,,,,,,,,,,,,,,,,,,,Blank 19-Jan-18,LABQA,1,-88,g,1/1/1950,Fish,UoT-RL,
Blank 22-Jan-18,Blank 22-Jan-18,LABQA,2,LABQA,1950-01-01,17-18_MP_Moore,TI,RMP,UofT,,Not Applicable,Point,00:00,Not Applicable,1,None,,,Blank 22-Jan-18,,LabBlank,,,,,,,,,,,,,,,,,,,,,,,,,Blank 22-Jan-18,LABQA,1,-88,g,1/1/1950,Fish,UoT-RL,
Blank 24-Jan-18,Blank 24-Jan-18,LABQA,8,LABQA,1950-01-01,17-18_MP_Moore,TI,RMP,UofT,,Not Applicable,Point,00:00,Not Applicable,1,None,,,Blank 24-Jan-18,,LabBlank,,,,,,,,,,,,,,,,,,,,,,,,,Blank 24-Jan-18,LABQA,1,-88,g,1/1/1950,Fish,UoT-RL,
Blank 26-Jan-18,Blank 26-Jan-18,LABQA,10,LABQA,1950-01-01,17-18_MP_Moore,TI,RMP,UofT,,Not Applicable,Point,00:00,Not Applicable,1,None,,,Blank 26-Jan-18,,LabBlank,,,,,,,,,,,,,,,,,,,,,,,,,Blank 26-Jan-18,LABQA,1,-88,g,1/1/1950,Fish,UoT-RL,
Blank 29-Dec-17,Blank 29-Dec-17,LABQA,8,LABQA,1950-01-01,17-18_MP_Moore,TI,RMP,UofT,,Not Applicable,Point,00:00,Not Applicable,1,None,,,Blank 29-Dec-17,,LabBlank,,,,,,,,,,,,,,,,,,,,,,,,,Blank 29-Dec-17,LABQA,1,-88,g,1/1/1950,Fish,UoT-RL,
Blank 30-Dec-17,Blank 30-Dec-17,LABQA,2,LABQA,1950-01-01,17-18_MP_Moore,TI,RMP,UofT,,Not Applicable,Point,00:00,Not Applicable,1,None,,,Blank 30-Dec-17,,LabBlank,,,,,,,,,,,,,,,,,,,,,,,,,Blank 30-Dec-17,LABQA,1,-88,g,1/1/1950,Fish,UoT-RL,
Blank 4-Dec-17,Blank 4-Dec-17,LABQA,3,LABQA,1950-01-01,17-18_MP_Moore,TI,RMP,UofT,,Not Applicable,Point,00:00,Not Applicable,1,None,,,Blank 4-Dec-17,,LabBlank,,,,,,,,,,,,,,,,,,,,,,,,,Blank 4-Dec-17,LABQA,1,-88,g,1/1/1950,Fish,UoT-RL,
Blank 5-Dec-17,Blank 5-Dec-17,LABQA,6,LABQA,1950-01-01,17-18_MP_Moore,TI,RMP,UofT,,Not Applicable,Point,00:00,Not Applicable,1,None,,,Blank 5-Dec-17,,LabBlank,,,,,,,,,,,,,,,,,,,,,,,,,Blank 5-Dec-17,LABQA,1,-88,g,1/1/1950,Fish,UoT-RL,
Blank 6-Dec-17,Blank 6-Dec-17,LABQA,3,LABQA,1950-01-01,17-18_MP_Moore,TI,RMP,UofT,,Not Applicable,Point,00:00,Not Applicable,1,None,,,Blank 6-Dec-17,,LabBlank,,,,,,,,,,,,,,,,,,,,,,,,,Blank 6-Dec-17,LABQA,1,-88,g,1/1/1950,Fish,UoT-RL,
